type,gene
EntEnd,Gfra3
EntEnd,Chgb
EntEnd,Trp53i11
EntEnd,Neurod1
EntEnd,Vwa5b2
EntEnd,Cck
EntEnd,Rfx6
EntEnd,Prnp
EntEnd,Pcsk1
EntEnd,Syt13
EntEnd,Rph3al
EntEnd,Fabp5
EntEnd,Pam
EntEnd,Scgn
EntEnd,Aplp1
EntEnd,Fev
EntEnd,Scg5
EntEnd,Celf3
EntEnd,Resp18
EntEnd,Neurog3
EntEnd,Maged1
EntEnd,Scg3
EntEnd,Pax4
EntEnd,Olfm1
EntEnd,Cplx2
EntEnd,Isl1
EntEnd,Gpx3
EntEnd,Anxa6
EntEnd,Gng4
EntEnd,Mreg
EntEnd,Map1b
EntEnd,Bex2
EntEnd,Baiap3
EntEnd,Disp2
EntEnd,1700086L19Rik
EntEnd,Lrp11
EntEnd,Rimbp2
EntEnd,Snap25
EntEnd,Klhdc8b
EntEnd,Foxa2
EntEnd,Gck
EntEnd,Pcsk1n
EntEnd,Gdap1l1
EntEnd,Map3k15
EntEnd,Kcnh6
EntEnd,Kcnb2
EntEnd,Prodh2
EntEnd,Bex1
EntEnd,Lhfpl2
EntEnd,Fam183b
EntEnd,Nkx2-2
EntEnd,Pax6
EntEnd,Adprm
EntEnd,Dbpht2
EntEnd,Myt1
EntEnd,Kcnk16
EntEnd,Tac1
EntEnd,Scarb1
EntEnd,Acadsb
EntEnd,Vim
EntEnd,Xpnpep2
EntEnd,Acsl6
EntEnd,Bcmo1
EntEnd,Parp6
EntEnd,Plxnb1
EntEnd,Cnot6l
EntEnd,Ncald
EntEnd,Scg2
EntEnd,Phldb2
EntEnd,Peg3
EntEnd,Mapre3
EntEnd,Ids
EntEnd,Amigo2
EntEnd,Dner
EntEnd,Syp
EntEnd,Tox3
EntEnd,Insm1
EntEnd,Adora3
EntEnd,Tmem106c
EntEnd,Sstr1
EntEnd,Cbfa2t2
EntEnd,Slc39a2
EntEnd,Rasd1
EntEnd,Cacna2d1
EntEnd,Ngfrap1
EntEnd,Rab36
EntEnd,Akna
EntEnd,Ghrl
EntEnd,Gpr116
EntEnd,2610301B20Rik
EntEnd,Rbfox2
EntEnd,Pde1c
EntEnd,Mapk8ip2
EntEnd,Scn3a
EntEnd,Sstr5
EntEnd,Lypd1
EntEnd,Marcks
EntEnd,Riiad1
EntEnd,Trit1
EntEnd,Ptpru
EntEnd,Apbb1
EntEnd,Galr3
EntEnd,Rapgef4
EntEnd,Sphkap
EntEnd,Golim4
EntEnd,Nefm
EntEnd,Cdk2ap1
EntEnd,Tubb3
EntEnd,Tmem182
EntEnd,Fam135a
EntEnd,Fam43a
EntEnd,Golga7b
EntEnd,Slc26a4
EntEnd,Chd7
EntEnd,Cerkl
EntEnd,Cplx1
EntEnd,Galr1
EntEnd,Gpr119
EntEnd,Fam160a2
EntEnd,Pcp4l1
EntEnd,Efcab1
EntEnd,Maml3
EntEnd,Ap3b2
EntEnd,Trf
EntEnd,Rab31
EntEnd,Hnrnph3
EntEnd,Ffar1
EntEnd,Emb
EntEnd,Th
EntEnd,Ptprn
EntEnd,Prkar1b
EntEnd,Dock4
EntEnd,Kirrel2
EntEnd,Sh2d5
EntEnd,Tmem130
EntEnd,Pde11a
EntEnd,Nek5
EntEnd,Azi1
EntEnd,5430425J12Rik
EntEnd,Pnmal1
EntEnd,Dnahc9
EntEnd,Rnf122
EntEnd,Chst11
EntEnd,Tekt2
EntEnd,Mum1l1
EntEnd,Trpm2
EntEnd,Map9
EntEnd,Ctif
EntEnd,Btbd17
EntEnd,Lrrc16b
EntEnd,Rufy2
EntEnd,Ambp
EntEnd,Pkia
EntEnd,Pitpnc1
EntEnd,Mapkbp1
EntEnd,Unc13a
EntEnd,Gatm
EntEnd,Slc35d3
EntEnd,Spred3
EntEnd,Zc3h12c
EntEnd,Mapk15
EntEnd,March4
EntEnd,Pax6os1
EntEnd,Neurod2
EntEnd,Cidea
EntEnd,Klhl32
EntEnd,Hrh3
EntEnd,Slc8a1
EntEnd,Klhl31
EntEnd,Gfra1
EntEnd,Adgb
EntEnd,Lhx1
EntEnd,Plk5
Ent,Mep1b
Ent,Anpep
Ent,Gsta1
Ent,Apoa1
Ent,Gm3776
Ent,Igsf9
Ent,Il18
Ent,Ace2
Ent,Creb3l3
Ent,Krt20
Ent,Slc9a3
Ent,Dpep1
Ent,Slc25a45
Ent,Rbp2
Ent,Ms4a18
Ent,Reg3b
Ent,Reg3a
Ent,Clec2h
Ent,Slc51b
Ent,Cyp2d26
Ent,Adh6a
Ent,Bco2
Ent,Slc3a1
Ent,Cyp3a13
Ent,Slc16a5
Ent,Btnl1
Ent,2010106E10Rik
Ent,Maob
Ent,Sis
Ent,Acad11
Ent,Edn2
Ent,Spink3
Ent,H2-Q1
Ent,Sult2b1
Ent,Slc7a7
Ent,1700019G17Rik
Ent,Dgat2
Ent,Enpep
Ent,Fmo5
Ent,2010001E11Rik
Ent,Fam3b
Ent,Slc26a6
Ent,Mpp1
Ent,Ces1f
Ent,Apoa4
Ent,Slc5a11
Ent,2010003K11Rik
Ent,Eci3
Ent,Cyp4f14
Ent,Btnl6
Ent,Ace
Ent,Hsd17b6
Ent,Rdh7
Ent,Alpi
Ent,Gpd1
Ent,Ptprh
Ent,Papss2
Ent,Ggt1
Ent,Aldh1a1
Ent,Naaladl1
Ent,Agpat9
Ent,H2-Q2
Ent,Hsd17b2
Ent,Exoc3l4
Ent,Hpgd
Ent,Gnpda1
Ent,Gm1332
Ent,Ms4a10
Ent,Gm7092
Ent,Ugt2a3
Ent,Upp1
Ent,Lrrc19
Ent,Fmo4
Ent,Hkdc1
Ent,Nr1h3
Ent,Themis3
Ent,Agmo
Ent,Slc6a20a
Ent,Soat2
Ent,Ces2a
Ent,Bcl2l15
Ent,Entpd5
Ent,Cndp2
Ent,Tmem37
Ent,Gda
Ent,Abcg5
Ent,Ces2c
Ent,Mogat2
Ent,Abhd3
Ent,St3gal4
Ent,Gm8909
Ent,Slc5a1
Ent,Tubal3
Ent,Gstm3
Ent,Sphk1
Ent,Slc26a3
Ent,Tmem106a
Ent,Slc27a4
Ent,Sowaha
Ent,Slc6a4
Ent,Mme
Ent,Adamtsl5
Ent,Aldh1l1
Ent,Gpt
Ent,Igsf5
Ent,Emp1
Ent,Cox7a1
Ent,Ugt2b5
Ent,Apoc3
Ent,Abcg8
Ent,Ugt2b36
Ent,Pex11a
Ent,Osgin1
Ent,Gsta4
Ent,Slc28a1
Ent,Gm11437
Ent,Nat8
Ent,Nr1i3
Ent,Slc51a
Ent,Fabp1
Ent,Abcc2
Ent,Apob
Ent,Mical2
Ent,Mgat4c
Ent,H2-Bl
Ent,Hdhd3
Ent,Sec23a
Ent,Slc7a9
Ent,Tmem86a
Ent,Npc1l1
Ent,Btnl2
Ent,Acot9
Ent,Paqr7
Ent,Cblc
Ent,Tmem253
Ent,Smlr1
Ent,Abhd6
Ent,Amn
Ent,Pbld2
Ent,Mttp
Ent,Ap2a2
Ent,Ptk6
Ent,Vwce
Ent,Cideb
Ent,Sco2
Ent,Gramd3
Ent,Apol10a
Ent,Dpyd
Ent,Abat
Ent,Slc46a1
Ent,Adtrp
Ent,Xdh
Ent,Tgfbi
Ent,Chp2
Ent,Gyk
Ent,Khk
Ent,Lct
Ent,Atp6v0a2
Ent,Rhbg
Ent,Tmem82
Ent,Galm
Ent,AA986860
Ent,Shpk
Ent,Slc15a1
Ent,Cyp4f40
Ent,Sult1b1
Ent,Slc13a1
Ent,Cml1
Ent,Pm20d1
Ent,Fahd1
Ent,Trim31
Ent,H2-T3
Ent,0610005C13Rik
Ent,Optn
Ent,Clec2e
Ent,Myo7a
Ent,Slc37a4
Ent,Ppargc1a
Ent,Stom
Ent,Reep6
Ent,Cmbl
Ent,Cdkn2b
Ent,Pgm2
Ent,Maf
Ent,Mia2
Ent,Slc11a2
Ent,Spsb1
Ent,Tmem236
Ent,Cd36
Ent,Treh
Ent,Gstk1
Ent,Lipe
Ent,Tmem139
Ent,Cyp2c66
Ent,Gsdmd
Ent,Ocm
Ent,Srxn1
Ent,Lmbr1l
Ent,Lpgat1
Ent,Fez2
Ent,Slc52a2
Ent,Mocos
Ent,Nek3
Ent,Tm6sf2
Ent,Agpat2
Ent,Slc23a2
Ent,Xkr9
Ent,Tob1
Ent,Clcn2
Ent,Hectd3
Ent,Tbc1d22a
Ent,Naip1
Ent,Ctss
Ent,Slc9a2
Ent,Cdc42ep2
Ent,9030617O03Rik
Ent,Mall
Ent,Pla2g12b
Ent,Rhod
Ent,Kbtbd11
Ent,Acox1
Ent,Arhgap26
Ent,Trim30d
Ent,Tcn2
Ent,Mylk
Ent,Thnsl2
Ent,Fam213b
Ent,Dhrs1
Ent,Adh4
Ent,Dgkq
Ent,Ces2e
Ent,Aldh1a7
Ent,Myo5b
Ent,Dnm1
Ent,Frk
Ent,Tsc22d3
Ent,Slc35f5
Ent,2200002D01Rik
Ent,Cyp2c65
Ent,S100g
Ent,Ugdh
Ent,Cyp2c68
Ent,Hagh
Ent,Xpnpep1
Ent,Cobl
Ent,Epb4.1l3
Ent,Mep1a
Ent,Hnf4g
Ent,Parp9
Ent,Cyp2j6
Ent,Sgpl1
Ent,Pccb
Ent,Abcg2
Ent,Slc2a2
Ent,Ephx2
Ent,Kcnk5
Ent,Lrp1
Ent,Tmem135
Ent,Dak
Ent,Dusp12
Ent,Gpr128
Ent,Abcb1a
Ent,Tmem252
Ent,Slc7a8
Ent,4931406C07Rik
Ent,Tm4sf5
Ent,Akr1b7
Ent,Tmem230
Ent,Acbd4
Ent,Crat
Ent,Pcsk5
Ent,Galt
Ent,Gm10768
Ent,Cyp3a25
Ent,Gstp2
Ent,Ilvbl
Ent,Urgcp
Ent,Chchd7
Ent,Car4
Ent,Slc13a2
Ent,Epha1
Ent,Dab1
Ent,Gstm6
Ent,Sept9
Ent,Adipor2
Ent,Cast
Ent,Abp1
Ent,Casp6
Ent,Itga3
Ent,Rilp
Ent,Tmem41a
Ent,Nkiras2
Ent,March6
Ent,Gm9926
Ent,Plin3
Ent,Rab11fip3
Ent,Retsat
Ent,Arg2
Ent,Slc39a5
Ent,Pepd
Ent,Idh1
Ent,Ccdc134
Ent,Mgam
Ent,Ugt2b34
Ent,Ceacam20
Ent,Slc2a9
Ent,Frmd8
Ent,Smpdl3a
Ent,Apol10b
Ent,Slc5a9
Ent,Gna11
Ent,Pls1
Ent,Rab17
Ent,Lgals3
Ent,Slc25a37
Ent,Ppap2a
Ent,Gpr155
Ent,Cml5
Ent,Spns2
Ent,Acot11
Ent,Vmp1
Ent,Mertk
Ent,2510049J12Rik
Ent,Zzef1
Ent,Bche
Ent,Abcd3
Ent,Aqp11
Ent,Gcnt2
Ent,Acsl5
Ent,Gng12
Ent,Cda
Ent,Fcgrt
Ent,Gm6034
Ent,Sema4g
Ent,Zfyve21
Ent,Pfkfb4
Ent,D130043K22Rik
Ent,Cyp4v3
Ent,C530008M17Rik
Ent,Ptdss1
Ent,Gm766
Ent,Tbc1d24
Ent,Cyb5b
Ent,Maoa
Ent,Vat1
Ent,Ehhadh
Ent,Naprt1
Ent,Slc3a2
Ent,Dhrs11
Ent,Sh3tc1
Ent,Irak2
Ent,Btnl4
Ent,Stx12
Ent,Dgat1
Ent,Acaa1a
Ent,Cyp4f16
Ent,Btnl5
Ent,Snx9
Ent,Ahnak
Ent,Fam109a
Ent,Edn3
Ent,Ccl25
Ent,Zdhhc7
Ent,Ppp1r14d
Ent,Slc43a2
Ent,Faah
Ent,Tymp
Ent,Acy1
Ent,Cyb5r3
Ent,Rnf13
Ent,Rxra
Ent,Dqx1
Ent,Snx13
Ent,Acnat1
Ent,Ticam1
Ent,Sidt2
Ent,Fam78a
Ent,Aldh18a1
Ent,Rmdn3
Ent,Sat1
Ent,Ckmt1
Ent,Txlng
Ent,Slc31a1
Ent,Slc25a36
Ent,Slc25a34
Ent,AU040320
Ent,Marc2
Ent,Aldob
Ent,Gm7030
Ent,Decr1
Ent,Sh3d21
Ent,Ugt1a1
Ent,Ccs
Ent,Kifc3
Ent,Slc18b1
Ent,Aprt
Ent,Slc22a1
Ent,Acp6
Ent,Ogdh
Ent,Tfg
Ent,Tstd1
Ent,Klc4
Ent,Itpk1
Ent,Bmp3
Ent,Pld1
Ent,Ezr
Ent,Coro2a
Ent,Ckb
Ent,Farp2
Ent,Pxdc1
Ent,Sar1b
Ent,Scp2
Ent,Ggact
Ent,Cst6
Ent,Sft2d2
Ent,Abr
Ent,Glt28d2
Ent,Slc34a2
Ent,Fam160a1
Ent,Pcyt1a
Ent,Tep1
Ent,Hadha
Ent,Ccdc88c
Ent,Lpcat3
Ent,Tbc1d14
Ent,Gucd1
Ent,Acadm
Ent,2210404O07Rik
Ent,Mvp
Ent,Actn4
Ent,Tspan15
Ent,Rufy3
Ent,Mcu
Ent,Spint1
Ent,Sfxn1
Ent,Alas1
Ent,Nipsnap3b
Ent,Tor1aip2
Ent,Casp1
Ent,Bpnt1
Ent,Baiap2l1
Ent,Ifngr2
Ent,Pex19
Ent,Myl12b
Ent,0610008F07Rik
Ent,Atp1a1
Ent,Itfg3
Ent,Dnpep
Ent,Akr7a5
Ent,Dlst
Ent,Ugt1a7c
Ent,Myo1d
Ent,Tmem120a
Ent,Cdh17
Ent,Acaa2
Ent,Apol11b
Ent,Hadh
Ent,Casp7
Ent,Acp5
Ent,Rfk
Ent,Aldh9a1
Ent,Vipr1
Ent,Txndc17
Ent,Phgr1
Ent,Eno1
Ent,Hsd17b4
Ent,Slc39a4
Ent,Nlrp6
Ent,Pttg1ip
Ent,Il17rc
Ent,Sqrdl
Ent,Net1
Ent,Lad1
Ent,Gm5177
Ent,Mdh2
Ent,2210016F16Rik
Ent,Erbb3
Ent,Proz
Ent,Tax1bp3
Ent,Pgd
Ent,Sult1d1
Ent,Gpi1
Ent,Prap1
Ent,Lypla1
EntProgEarly,Slc16a1
EntProgLate,Ccnb1
EntProgLate,Cdc20
EntProgLate,Cenpa
EntProgLate,Cdkn3
EntProgLate,Cdc25c
EntProgLate,Ccnb2
EntProgLate,Kif22
EntProgLate,Ube2c
EntProgLate,Sapcd2
EntProgLate,Rbp7
EntProgLate,Ccna2
EntProgLate,Aurka
EntProgLate,Cdkn2d
EntProgLate,Kif23
EntProgLate,Nek2
EntProgLate,Birc5
EntProgLate,Plk1
EntProgLate,Tacc3
EntProgLate,Melk
EntProgLate,Cdca3
EntProgLate,Hmmr
EntProgLate,Spc25
EntProgLate,Tpx2
EntProgLate,Arhgef39
EntProgLate,Bub1b
EntProgLate,1190002F15Rik
EntProgLate,Kif4
EntProgLate,Mad2l1
EntProgLate,Fbxl8
EntProgLate,Gpsm2
EntProgLate,Ckap2l
EntProgLate,Knstrn
EntProgLate,Id1
EntProgLate,Cmc2
EntProgLate,1810065E05Rik
EntProgLate,Cenpe
EntProgLate,Pif1
EntProgLate,Ckap5
EntProgLate,Cnih4
EntProgLate,Spc24
Goblet,Clca3
Goblet,Zg16
Goblet,Fcgbp
Goblet,Tff3
Goblet,Agr2
Goblet,Scin
Goblet,Pdia5
Goblet,Tpsg1
Goblet,Chst4
Goblet,Bcas1
Goblet,Bace2
Goblet,Galnt12
Goblet,Rep15
Goblet,S100a6
Goblet,Capn9
Goblet,Spdef
Goblet,Atoh1
Goblet,Guca2a
Goblet,Pla2g10
Goblet,Muc2
Goblet,Mlph
Goblet,AW112010
Goblet,Scnn1a
Goblet,Ern2
Goblet,Ttc39a
Goblet,Liph
Goblet,C1galt1c1
Goblet,Kcnk6
Goblet,Creb3l4
Goblet,Slc12a8
Goblet,Efcab4a
Goblet,Ptprr
Goblet,Klk1
Goblet,Tnfaip8
Goblet,Lrrc26
Goblet,C1galt1
Goblet,Galnt7
Goblet,Fam174b
Goblet,Sgsm3
Goblet,Galnt3
Goblet,Spats2l
Goblet,Ccl9
Goblet,Sytl2
Goblet,Car8
Goblet,Uap1
Goblet,Asph
Goblet,Slc50a1
Goblet,Smim14
Goblet,Creb3l1
Goblet,Hgfac
Goblet,Stard3nl
Goblet,Tspan13
Goblet,Gsn
Goblet,Capn8
Goblet,Gcnt3
Goblet,Txndc5
Goblet,Atp2c2
Goblet,Hpd
Goblet,Bhlhe40
Goblet,Tfcp2l1
Goblet,Qsox1
Goblet,St3gal6
Goblet,Rap1gap
Goblet,Kctd14
Goblet,Kdelr3
Goblet,Galnt10
Goblet,Dnajc10
Goblet,Sytl4
Goblet,Hid1
Goblet,Samhd1
Goblet,Fkbp11
Goblet,Galnt5
Goblet,Tmed3
Goblet,Ica1
Goblet,Pqlc3
Goblet,Tmem123
Goblet,Sdf2l1
Goblet,S100a14
Goblet,Ergic1
Goblet,Efcab4b
Goblet,Foxa3
Goblet,Stx17
Goblet,AI597468
Goblet,Fxyd3
Goblet,Cd97
Goblet,Csrp1
Goblet,Pdia6
Goblet,Tinagl1
Goblet,Rcan3
Goblet,Fam114a1
Goblet,Cmtm7
Goblet,Ppapdc1b
Goblet,Mon1a
Goblet,Slc7a4
Goblet,Tnfrsf21
Goblet,Tor3a
Goblet,Adrbk1
Goblet,P2rx4
Goblet,Myo5c
Goblet,Nipal2
Goblet,Tmem39a
Goblet,Sil1
Goblet,Slc17a9
Goblet,Mcf2l
Goblet,Rasa4
Goblet,Cgref1
Goblet,Galk2
Goblet,Wars
Goblet,Gm9994
Goblet,Edem1
Goblet,Mia3
Goblet,Slc35a1
Goblet,Tm9sf3
Goblet,Fhl1
Goblet,Sec24d
Goblet,Sel1l3
Goblet,Tmed9
Goblet,Cd9
Goblet,Rasd2
Goblet,Edem2
Goblet,Golph3l
Goblet,Arfip2
Goblet,Tsta3
Goblet,Tvp23b
Goblet,Rnf39
Goblet,E130003G02Rik
Goblet,Aacs
Goblet,Chrm1
Goblet,Fut4
Goblet,Vps37c
Goblet,Creld2
Goblet,Ikbip
Goblet,Nans
Goblet,Tpd52
Goblet,Tmem214
Goblet,Anxa3
Goblet,Rassf6
Goblet,Bcat2
Goblet,Tmem159
Goblet,Stxbp6
Goblet,Slc30a7
Goblet,Mansc1
Goblet,Gfpt1
Goblet,Gmppb
Goblet,Sybu
Goblet,Srd5a1
Goblet,Tram1
Goblet,Slc39a7
Goblet,Tmem248
Goblet,Bet1l
Goblet,Sec23ip
Goblet,Cog6
Goblet,Rab3d
Goblet,D630039A03Rik
Goblet,Prrc1
Goblet,Appl2
Goblet,1810055G02Rik
Goblet,Synj2
Goblet,1700066B19Rik
Goblet,Arfgap1
Goblet,Oit1
Goblet,Ehd4
Goblet,Stx5a
Goblet,Plcb1
Goblet,Ptger4
Goblet,Slc39a11
Goblet,5033406O09Rik
Goblet,Pllp
Goblet,Gpr20
Goblet,Spink4
Goblet,Nfkb2
Goblet,Tmco3
Goblet,Mllt3
Goblet,Gmppa
Goblet,D10Bwg1379e
Goblet,Cdk5rap3
Goblet,Smim6
Goblet,Parm1
Goblet,Fam69a
Goblet,1810007I06Rik
Goblet,Kcnh3
Goblet,Tspan1
Goblet,B3gnt7
Goblet,Entpd4
Goblet,Kdelr2
Goblet,Sppl2a
Goblet,Impad1
Goblet,Mgat3
Goblet,Cpd
Goblet,Asns
Goblet,Hyou1
Goblet,Uba7
Goblet,Dnajc3
Goblet,Golt1b
Goblet,Pygb
Goblet,Manf
Goblet,Xbp1
Goblet,Galntl6
Goblet,Hspa13
Goblet,Rab27b
Goblet,Rasef
Goblet,Itga2
Goblet,Gorasp1
Goblet,Pck1
Goblet,Pgm3
Goblet,Galnt6
Goblet,Vimp
Goblet,Golga5
Goblet,Sec16a
Goblet,Eif2ak3
Goblet,Osbpl2
Goblet,Zfp467
Goblet,Hdlbp
Goblet,Cbfa2t3
Goblet,Zbp1
Goblet,B3gnt5
Goblet,Far1
Goblet,0610007N19Rik
Goblet,Zfp330
Goblet,Gcc2
Goblet,Lman1
Goblet,Lamc2
Goblet,Herpud1
Goblet,Slc10a7
Goblet,Serp1
Goblet,Scamp1
Goblet,Gal3st2
Goblet,Odf2l
Goblet,Hilpda
Goblet,Cog3
Goblet,Alyref2
Goblet,Galnt4
Goblet,Prr24
Goblet,Litaf
Goblet,Fam98a
Goblet,Pcsk9
Goblet,Zbtb8a
Goblet,Tmem63a
Goblet,Dap
Goblet,Trim47
Goblet,Ssr3
Goblet,Edem3
Goblet,Tst
Goblet,Ang
Goblet,Slc38a10
Goblet,Guk1
Goblet,Pcsk7
Goblet,Trabd
Goblet,Gfi1
Goblet,Gnpnat1
Goblet,Pdxdc1
Goblet,Hspa5
Goblet,Slc35a2
Goblet,Slc37a3
Goblet,Arl1
Goblet,Smim5
Goblet,Ccnd3
Goblet,Sar1a
Goblet,F2rl1
Goblet,Stt3a
Goblet,Tdrd7
Goblet,Spcs3
Goblet,Sidt1
Goblet,Pdia3
Goblet,Lss
Goblet,Cmpk1
Goblet,Naga
Goblet,Sh3bgrl3
Goblet,Slc41a2
Goblet,Ostc
Goblet,Fgfr3
Goblet,Fut8
Goblet,Ggcx
Goblet,Plac9a
Goblet,Sec61b
Goblet,Bscl2
Goblet,Golm1
Goblet,Klf4
Goblet,Ssr4
Goblet,Srprb
Goblet,Yipf6
Goblet,Clptm1l
Goblet,Id4
Goblet,Arf4
Goblet,Gale
Goblet,Eif4ebp1
Goblet,Srpr
Goblet,Tbc1d30
Goblet,Akr1c14
Goblet,Zc3h7a
Goblet,D17Wsu104e
Goblet,S100a16
Goblet,Mknk2
Goblet,Tmprss2
Goblet,Tc2n
Goblet,Slc35c1
Goblet,Ufsp2
Goblet,Tmem165
Goblet,Tmsb10
Goblet,Sec62
Goblet,Bet1
Goblet,Cyp51
Goblet,Fam3c
Goblet,Mfsd7a
Goblet,Slc37a1
Goblet,Cmtm8
Goblet,Adam9
Goblet,Art2a-ps
Goblet,Capns1
Goblet,Syt7
Goblet,Pdia4
Goblet,Slc22a23
Goblet,Yipf5
Goblet,H2-T9
Goblet,Atf4
Goblet,Ick
Goblet,Srm
Goblet,Plaur
Goblet,Pyroxd1
Goblet,Fry
Goblet,Cyp2j9
Goblet,Sep15
Goblet,Sc4mol
Goblet,Stk38l
Goblet,Bmp8a
Goblet,Spryd3
Goblet,Gne
Goblet,Aldh3b2
Goblet,Rell1
Goblet,Krtcap2
Goblet,Sec23b
Goblet,St3gal1
Goblet,Tmem56
Goblet,Tulp4
Goblet,Capn7
Goblet,Gpr180
Goblet,Txndc11
Goblet,Copb2
Goblet,Calr
Goblet,Homer2
Goblet,Ssr2
Goblet,Tbrg1
Goblet,Jtb
Goblet,Syvn1
Goblet,Morf4l2
Goblet,Rpn2
Goblet,Ugp2
Goblet,H13
Goblet,Slc16a6
Goblet,Slc39a1
Goblet,Gm1123
Goblet,Copg1
Goblet,Ssr1
Goblet,Tmed2
Goblet,Ank3
Goblet,Tmbim4
Goblet,Rpn1
Goblet,Uggt1
Goblet,Utp11l
Goblet,Ppib
Goblet,Camsap3
Goblet,Ddost
Goblet,Mesdc1
Goblet,4930404N11Rik
Goblet,Sh3bgrl2
Goblet,Golgb1
Goblet,B3gnt3
Goblet,Dcbld2
Goblet,Spcs2
Goblet,Sec61a1
Goblet,Cant1
Goblet,Tpcn1
Goblet,Gorasp2
Goblet,Pmm2
Goblet,Ano7
Goblet,Rrbp1
Goblet,Pacsin1
Goblet,Srp72
Goblet,Tnk2
Goblet,Eif2ak4
Goblet,Sec22b
Goblet,Tars
Goblet,Slc1a5
Goblet,Copb1
Goblet,Yif1b
Goblet,Etnk1
Goblet,Ramp1
Goblet,Cltb
Goblet,Slc22a15
Goblet,Kif13a
Goblet,Yipf3
Goblet,Ift20
Goblet,Ufl1
Goblet,Tm9sf2
Goblet,Syngr2
Goblet,Nucb1
Goblet,Gmds
Goblet,Sec61g
Goblet,Rfc1
Goblet,C2cd2l
Goblet,Smim3
Goblet,Hsp90b1
Goblet,Srp9
Goblet,Ost4
Goblet,Tmem183a
Goblet,Dnajb11
Goblet,Tom1l1
Goblet,Sh3pxd2a
Goblet,Ier3ip1
Paneth,Defa23
Paneth,Gm15284
Paneth,Defa17
Paneth,Defa-rs7
Paneth,AY761184
Paneth,Defa-rs1
Paneth,Gm7849
Paneth,Gm14851
Paneth,Defa3
Paneth,Defa22
Paneth,Gm21498
Paneth,Defa26
Paneth,Defa4
Paneth,Defa20
Paneth,Defa25
Paneth,Gm14850
Paneth,Defa5
Paneth,Defa24
Paneth,Gm15292
Paneth,Defa-ps1
Paneth,Gm15315
Paneth,Mptx2
Paneth,Gm15299
Paneth,Gm10104
Paneth,Lyz1
Paneth,Clps
Paneth,Defa21
Paneth,Reg4
Paneth,Pnliprp2
Paneth,Defa6
Paneth,Pla2g2a
Paneth,Itln1
Paneth,Mmp7
Paneth,Gm21002
Paneth,Gm7861
Paneth,Ang4
Paneth,Gm15308
Paneth,Habp2
Paneth,Pnliprp1
Paneth,Gm6696
Paneth,Mptx1
Paneth,Fam46c
Paneth,Samd5
Paneth,Lyz2
Paneth,C4bp
Paneth,1810010D01Rik
Paneth,Apoc2
Paneth,AY761185
Paneth,Defb1
Paneth,Pla2g2f
Paneth,Copz2
Paneth,Scgb2b7
Paneth,Scgb2b19
Paneth,Scgb2b20
Paneth,Klf15
Paneth,Sntb1
Paneth,Ggh
Paneth,Cd244
Paneth,Gm15293
Paneth,Gm7325
Paneth,Fzd9
Paneth,Fgfrl1
Paneth,Tesc
Paneth,Slc1a4
Paneth,Lamb1
Paneth,Darc
Paneth,Ddx26b
Paneth,Slc30a2
Paneth,Hspb8
Paneth,Sync
Paneth,Slc16a7
Paneth,Hapln4
Paneth,Insrr
Paneth,Acvr1c
Paneth,Syne4
Paneth,Acox2
Paneth,Dkk3
Paneth,Ang2
Paneth,Ang6
Paneth,Thbs1
Paneth,Dll3
Paneth,Ang5
Stem,Lgr5
Stem,Gkn3
Stem,Ascl2
Stem,Olfm4
Stem,Rgmb
Stem,Igfbp4
Stem,2210407C18Rik
Stem,Jun
Stem,Pdgfa
Stem,Soat1
Stem,Tnfrsf19
Stem,Cyp2e1
Stem,Fstl1
Stem,H2-Eb1
Stem,Ifitm3
Stem,Prelp
Stem,Scn2b
Stem,A930009A15Rik
Stem,H2-Ab1
Stem,Slc1a2
Stem,Cd74
Stem,Sp5
Stem,Noxa1
Stem,Rgcc
Stem,Sorbs2
Stem,Sectm1b
Stem,H2-Aa
Stem,Cdo1
Stem,Slc14a1
Stem,Clca2
Stem,Tifa
Stem,Pls3
Stem,Hmgcs2
Stem,Arid5b
Stem,Agr3
Stem,Slc12a2
Stem,Rassf5
Stem,Rnf43
Stem,Nrn1
Stem,Lamb3
Stem,Cd44
Stem,Axin2
Stem,Slc27a2
Stem,Afap1l1
Stem,Ccdc3
Stem,Lrig1
Stem,Noxo1
Stem,Cdk6
Stem,Amica1
Stem,Tgif1
Stem,Tns3
Stem,Nr2e3
Stem,Efna4
Stem,Rnf32
Stem,Prss23
Stem,2010009K17Rik
Stem,Smoc2
Stem,Mecom
Stem,Esrrg
Stem,Aqp1
Stem,Znrf3
Stem,Grb7
Stem,Phgdh
Stem,2410004N09Rik
Stem,Clca4
Stem,Aqp4
Stem,Lcp1
Stem,E030011O05Rik
Stem,Snhg1
Stem,BC064078
Stem,Car12
Stem,Zbtb38
Stem,Cdca7
Stem,Fam13a
Stem,Shisa2
Stem,Dtx4
Stem,Slc19a2
Stem,Fam115c
Stem,Mir703
Stem,Cd14
Stem,Mettl20
Stem,Myo9a
Stem,App
Stem,Clic6
Stem,Wee1
Stem,2410006H16Rik
Stem,Lancl1
Stem,1500012F01Rik
Stem,Casp12
Stem,Sh3rf1
Stem,Lrp4
Stem,Arhgef26
Stem,Etv6
Stem,1700024F13Rik
Stem,Cttnbp2
Stem,Slc16a13
Stem,Htr4
Stem,Pdxk
Stem,Immp2l
Stem,Rps15a-ps6
Stem,Rps15a-ps4
Stem,Nap1l1
Stem,Sdc4
Stem,Epn3
Stem,Sipa1l1
Stem,Wfdc15b
Stem,Zfp341
Stem,Ngef
Stem,Nrg4
Stem,Csad
Stem,Rpl34-ps1
Stem,Rin2
Stem,Cd81
Stem,Irf2bp2
Stem,Sesn3
Stem,Phlpp1
Stem,Yap1
Stem,Mfge8
Stem,Zfp825
Stem,Itga1
Stem,Pcdh8
Stem,Vdr
Stem,Kcnq1
Stem,Slc28a2
Stem,Zfp36l1
Stem,Urod
Stem,Rgs12
Stem,Nfib
Stem,Sdsl
Stem,Nfia
Tuft,Alox5ap
Tuft,Hck
Tuft,Lrmp
Tuft,Avil
Tuft,Trpm5
Tuft,Spib
Tuft,Rgs13
Tuft,Ltc4s
Tuft,Pygl
Tuft,Sh2d7
Tuft,Dclk1
Tuft,Alox5
Tuft,Pik3r5
Tuft,Fyb
Tuft,Vav1
Tuft,Matk
Tuft,Tspan6
Tuft,Strip2
Tuft,Pou2f3
Tuft,1810046K07Rik
Tuft,Ptpn6
Tuft,Bmx
Tuft,Tuba1a
Tuft,Espn
Tuft,Plcb2
Tuft,Ffar3
Tuft,Ccdc109b
Tuft,Plcg2
Tuft,Ly6g6f
Tuft,Hpgds
Tuft,Pea15a
Tuft,Ly6g6d
Tuft,Pik3cg
Tuft,Inpp5d
Tuft,Ccdc28b
Tuft,Snrnp25
Tuft,Kctd12
Tuft,Siglec5
Tuft,Skap2
Tuft,Ccdc129
Tuft,Nebl
Tuft,Gprc5c
Tuft,Rgs22
Tuft,Gfi1b
Tuft,Hmx3
Tuft,Cbr3
Tuft,Pfkfb3
Tuft,Prss53
Tuft,Itpr2
Tuft,Limd2
Tuft,Cd300lf
Tuft,Chn2
Tuft,Smpx
Tuft,Ptgs1
Tuft,A4galt
Tuft,Rac2
Tuft,Csk
Tuft,Slco4a1
Tuft,Ptpn18
Tuft,Chat
Tuft,Hebp1
Tuft,Ppp1r14c
Tuft,Dgki
Tuft,Inpp5j
Tuft,Tppp3
Tuft,Gng13
Tuft,Ildr1
Tuft,Cwh43
Tuft,Il17rb
Tuft,Ncf2
Tuft,Fut2
Tuft,Coprs
Tuft,Ddah1
Tuft,Tmem116
Tuft,Sucnr1
Tuft,Tmem176a
Tuft,Ccrl1
Tuft,1110007C09Rik
Tuft,Adcy5
Tuft,Fnbp1
Tuft,Plk2
Tuft,Hmx2
Tuft,Tmem141
Tuft,Krt23
Tuft,Gprc5a
Tuft,Rgs2
Tuft,Camk2b
Tuft,Fes
Tuft,Bpgm
Tuft,Acacb
Tuft,Il13ra1
Tuft,Zfp428
Tuft,Ppp1r3b
Tuft,Ccnj
Tuft,Bcl2l14
Tuft,Tmem229a
Tuft,Ethe1
Tuft,Runx1
Tuft,Gga2
Tuft,Apobec1
Tuft,Serpini1
Tuft,St6galnac6
Tuft,Fbxl21
Tuft,9030624J02Rik
Tuft,Inpp5b
Tuft,Samd14
Tuft,Pgm2l1
Tuft,Pla2g4a
Tuft,Ptprc
Tuft,Aldh2
Tuft,Ifi27l1
Tuft,Pnpla3
Tuft,Jarid2
Tuft,Rgs19
Tuft,Reep5
Tuft,Tiparp
Tuft,Gnai2
Tuft,Fam49a
Tuft,Cacna2d2
Tuft,Ypel2
Tuft,Cd24a
Tuft,Acot7
Tuft,Svil
Tuft,Abhd16a
Tuft,Fam101a
Tuft,Trim40
Tuft,Trak1
Tuft,Sec14l1
Tuft,4930539E08Rik
Tuft,Smtn
Tuft,Galk1
Tuft,Tbc1d1
Tuft,Tmem176b
Tuft,Fcna
Tuft,Abhd2
Tuft,Hsbp1l1
Tuft,Slc4a8
Tuft,Myo1b
Tuft,Tmem38b
Tuft,Hk1
Tuft,Neurl1a
Tuft,Dmxl2
Tuft,Bub3
Tuft,Ptprj
Tuft,Trib2
Tuft,Stard5
Tuft,Ubtd1
Tuft,Slc41a3
Tuft,Plekhg5
Tuft,Rbm38
Tuft,Fam57a
Tuft,Eef2k
Tuft,Cables2
Tuft,Fbxo25
Tuft,Ap1s2
Tuft,1300002K09Rik
Tuft,Ero1lb
Tuft,Clmn
Tuft,Fam49b
Tuft,Cpvl
Tuft,Prr15
Tuft,Lpcat4
Tuft,Tmem74b
Tuft,Mn1
Tuft,Eppk1
Tuft,Samd9l
Tuft,Tmem245
Tuft,Glyctk
Tuft,Aldh3a2
Tuft,Ppp3ca
Tuft,Cpne3
Tuft,Slc4a7
Tuft,Nfatc1
Tuft,Kit
Tuft,Fam117b
Tuft,Nradd
Tuft,Tmem121
Tuft,Cpm
Tuft,Asah1
Tuft,Slc9a9
Tuft,Ubl7
Tuft,Abca3
Tuft,Pde6d
Tuft,Bmp2
Tuft,Kdm4a
Tuft,Camkk2
Tuft,Arhgap8
Tuft,Agt
Tuft,Ptpra
Tuft,Adh1
Tuft,Dusp14
Tuft,Clic4
Tuft,Gimap1
Tuft,Cpne5
Tuft,Ceacam2
Tuft,Zfp710
Tuft,Gcnt1
Tuft,B4galt5
Tuft,Suco
Tuft,Pim3
Tuft,Ogdhl
Tuft,Oas1g
Tuft,Dcp1b
Tuft,Myzap
Tuft,Cdkn1a
Tuft,Cd37
Tuft,Brms1
Tuft,Lrrc42
Tuft,Pld2
Tuft,Tmem9
Tuft,Cpeb4
Tuft,Ssx2ip
Tuft,Ddah2
Tuft,Tmem65
Tuft,5430417L22Rik
Tuft,2210016L21Rik
Tuft,Msi2
Tuft,B4galt4
Tuft,Rabgap1l
Tuft,Pik3r3
Tuft,Nt5c3
Tuft,Palld
Tuft,AA467197
Tuft,Pip5k1b
Tuft,Krt18
Tuft,Map1a
Tuft,Lmf1
Tuft,Arhgef28
Tuft,Nsfl1c
Tuft,Txndc16
Tuft,Pstpip2
Tuft,Ttll11
Tuft,Exph5
Tuft,2700086A05Rik
Tuft,Gadd45a
Tuft,Plekhs1
Tuft,Fam188a
Tuft,Jmy
Tuft,Atat1
Tuft,Arhgef2
Tuft,Lmbr1
Tuft,Rhoc
Tuft,Card10
Tuft,Kcnj16
Tuft,Arhgap4
Tuft,Acsl4
Tuft,Rhog
Tuft,Fam221a
Tuft,Dynlt1b
Tuft,C2
Tuft,Zbtb41
Tuft,Socs1
Tuft,Atp6ap1
Tuft,Fam171a1
Tuft,Wnk2
Tuft,Kcnd3
Tuft,Slc27a1
Tuft,Atxn1
Tuft,Rabgap1
Tuft,Myrfl
Tuft,Crot
Tuft,Tm4sf4
Tuft,Ube2j1
Tuft,Sort1
Tuft,Lima1
Tuft,Mov10
Tuft,Lca5
Tuft,Gimap9
Tuft,Mlip
Tuft,1110008P14Rik
Tuft,Ckap4
Tuft,Tor4a
Tuft,Rmdn1
Tuft,Oas2
Tuft,Dsp
Tuft,Sox9
Tuft,Osbpl3
Tuft,Kif21b
Tuft,Tbcb
Tuft,Arap2
Tuft,Casp3
Tuft,Enc1
Tuft,Il25
Tuft,Lman2l
Tuft,Zmiz1
Tuft,Nav2
Tuft,Atp2a3
Tuft,Gimap8
Tuft,Folr1
Tuft,Fn1
Tuft,Hspa4l
Tuft,Sufu
Tuft,Atp8a1
Tuft,Vps53
Tuft,Rgs14
Tuft,Gm17660
Tuft,Pdcl
Tuft,Shkbp1
Tuft,Oas1a
Tuft,Pkp1
Tuft,Ccdc23
Tuft,Il4ra
Tuft,1700112E06Rik
Tuft,Dvl1
Tuft,Zfhx3
Tuft,Adam22
Tuft,Gramd1c
Tuft,Tmem45b
Tuft,Unc5b
Tuft,Mical3
Tuft,Kctd13
Tuft,Ak7
Tuft,Tcta
Tuft,Nek7
Tuft,D730039F16Rik
Tuft,Plekho2
Tuft,Myo6
Tuft,Chdh
Tuft,Opn3
Tuft,Tle3
Tuft,Ttll10
Tuft,Strada
Tuft,Ypel3
Tuft,Cmip
Tuft,Cachd1
Tuft,Pigc
Tuft,Atp6v1d
Tuft,Rdx
Tuft,S100a11
Tuft,Spa17
Tuft,Gimap5
Tuft,Cystm1
Tuft,Zdhhc17
Tuft,Lect2
Tuft,Vdac3
Tuft,Hspb11
Tuft,Gm4952
Tuft,Slc16a2
Tuft,Abhd5
Tuft,Rhbdf1
Tuft,Cblb
Tuft,Nfe2l3
Tuft,Pla2g16
Tuft,Sept8
Tuft,Gpcpd1
Tuft,Psd3
Tuft,Anxa11
Tuft,Slc25a12
Tuft,Ehf
Tuft,Akr1b10
Tuft,Dapp1
Tuft,Vmn2r26
Tuft,Esyt1
Tuft,Ppt1
Tuft,Cd47
Tuft,Chi3l1
Tuft,Mical1
Tuft,Gna14
Tuft,Pacs2
Tuft,Lyn
Tuft,Rmnd5a
Tuft,Ankrd12
Tuft,BC022687
Tuft,Rit1
Tuft,Camta2
Tuft,Mocs2
Tuft,Usp49
Tuft,Nrbp2
Tuft,Ifnar2
Tuft,Epha4
Tuft,Arl5a
Tuft,Rgl2
Tuft,St18
Tuft,BC016579
Tuft,Tead1
Tuft,Enpp4
Tuft,Tmem158
Tuft,Tnfaip3
Tuft,Gys1
Tuft,Hivep2
Tuft,Cap1
Tuft,Slc4a2
Tuft,Map4k4
Tuft,Desi1
Tuft,H2-D1
Tuft,Man2a1
Tuft,Cyp17a1
Tuft,Cyhr1
Tuft,Morf4l1
Tuft,Mllt4
Tuft,Phf17
Tuft,Stox2
Tuft,Hist3h2a
Tuft,Hdac6
Tuft,Prox1
Tuft,Dtnb
Tuft,Lrch4
Tuft,Spire2
Tuft,Klf6
Tuft,Rab5b
Tuft,Anxa4
Tuft,Rab4b
Tuft,Iqsec1
Tuft,Pdpk1
Tuft,Stk40
Tuft,Gde1
Tuft,Mtmr11
Tuft,Cib2
Tuft,March2
Tuft,Capg
Tuft,Narf
Tuft,Mgst3
Tuft,Angel1
Tuft,Bicd1
Tuft,Ifitm1
Tuft,Stx3
Tuft,S100a1
Tuft,Omd
Tuft,0610040J01Rik
Tuft,Arpc5
Tuft,Homer3
Tuft,Cdc42se1
Tuft,Abcc3
Tuft,Hsf2
Tuft,Pnpla6
Tuft,Ccdc68
Tuft,Fryl
Tuft,Lmtk2
Tuft,Tas1r3
Tuft,4931406H21Rik
Tuft,Uspl1
Tuft,Ajuba
Tuft,Kalrn
Tuft,Basp1
Tuft,Pip5kl1
Tuft,Slc26a2
Tuft,Atp2b2
Tuft,Smug1
Tuft,Myadm
Tuft,D330041H03Rik
Tuft,Wdfy2
Tuft,Trim38
Tuft,Arf3
Tuft,Scand1
Tuft,Dpysl2
Tuft,Ndufaf3
Tuft,Sik1
Tuft,Wdr7
Tuft,Sfxn3
Tuft,Kcnq4
Tuft,Mll1
Tuft,Hsbp1
Tuft,Calml4
Tuft,Atf7ip
Tuft,Gpr137b-ps
Tuft,Hap1
Tuft,Kctd15
Tuft,Prcp
Tuft,9430023L20Rik
Tuft,Gmip
Tuft,Cmtm3
Tuft,Madd
Tuft,Krt222
Tuft,Nsf
Tuft,Klhl28
Tuft,Pparg
Tuft,Eml3
Tuft,Phlda1
Tuft,P2rx1
Tuft,Pde9a
Tuft,Otud7b
Tuft,Tfpi2
Tuft,Rilpl2
Tuft,Klf3
Tuft,Gyg
Tuft,4930455F23Rik
Tuft,Armcx1
Tuft,Lzts2
Tuft,Plek
Tuft,Vamp8
Tuft,Stat2
Tuft,Znf512b
Tuft,Ptplad1
Tuft,1110058L19Rik
Tuft,Tmem160
Tuft,Tmem51
Tuft,Cdhr5
Tuft,Stk38
Tuft,Atp13a2
Tuft,Nptn
Tuft,Sirt5
Tuft,Gabarapl2
Tuft,Nudt14
Tuft,2010111I01Rik
Tuft,Alkbh7
Tuft,Slc18a3
Tuft,4930427A07Rik
Tuft,Ttll7
Tuft,Acss2
Tuft,Siae
